{
  "cities": [
    {"name": "Paris", "country": "Fransa", "type": "city"},
    {"name": "İstanbul", "country": "Türkiye", "type": "city"},
    {"name": "Roma", "country": "İtalya", "type": "city"},
    {"name": "Barselona", "country": "İspanya", "type": "city"},
    {"name": "Londra", "country": "İngiltere", "type": "city"},
    {"name": "Amsterdam", "country": "Hollanda", "type": "city"},
    {"name": "Berlin", "country": "Almanya", "type": "city"},
    {"name": "Prag", "country": "Çekya", "type": "city"},
    {"name": "Viyana", "country": "Avusturya", "type": "city"},
    {"name": "Budapeşte", "country": "Macaristan", "type": "city"},
    {"name": "Atina", "country": "Yunanistan", "type": "city"},
    {"name": "Dubai", "country": "BAE", "type": "city"},
    {"name": "Tokyo", "country": "Japonya", "type": "city"},
    {"name": "New York", "country": "ABD", "type": "city"},
    {"name": "Los Angeles", "country": "ABD", "type": "city"},
    {"name": "Bangkok", "country": "Tayland", "type": "city"},
    {"name": "Singapur", "country": "Singapur", "type": "city"},
    {"name": "Hong Kong", "country": "Çin", "type": "city"},
    {"name": "Sydney", "country": "Avustralya", "type": "city"},
    {"name": "Lizbon", "country": "Portekiz", "type": "city"},
    {"name": "Madrid", "country": "İspanya", "type": "city"},
    {"name": "Münih", "country": "Almanya", "type": "city"},
    {"name": "Kopenhag", "country": "Danimarka", "type": "city"},
    {"name": "Stockholm", "country": "İsveç", "type": "city"},
    {"name": "Oslo", "country": "Norveç", "type": "city"},
    {"name": "Zürich", "country": "İsviçre", "type": "city"},
    {"name": "Cenevre", "country": "İsviçre", "type": "city"},
    {"name": "Milano", "country": "İtalya", "type": "city"},
    {"name": "Venedik", "country": "İtalya", "type": "city"},
    {"name": "Floransa", "country": "İtalya", "type": "city"},
    {"name": "Antalya", "country": "Türkiye", "type": "city"},
    {"name": "Bodrum", "country": "Türkiye", "type": "city"},
    {"name": "Kapadokya", "country": "Türkiye", "type": "region"},
    {"name": "Santorini", "country": "Yunanistan", "type": "city"},
    {"name": "Mykonos", "country": "Yunanistan", "type": "city"},
    {"name": "Bali", "country": "Endonezya", "type": "island"},
    {"name": "Phuket", "country": "Tayland", "type": "island"},
    {"name": "Maldivler", "country": "Maldivler", "type": "country"},
    {"name": "Seyşeller", "country": "Seyşeller", "type": "country"},
    {"name": "Mauritius", "country": "Mauritius", "type": "country"},
    {"name": "İzlanda", "country": "İzlanda", "type": "country"},
    {"name": "Norveç", "country": "Norveç", "type": "country"},
    {"name": "İsviçre", "country": "İsviçre", "type": "country"},
    {"name": "Yeni Zelanda", "country": "Yeni Zelanda", "type": "country"},
    {"name": "Japonya", "country": "Japonya", "type": "country"},
    {"name": "Güney Kore", "country": "Güney Kore", "type": "country"}
  ]
}
